step,context,action,reward1,reward2,alpha
0,[17787.293 35893.9  ],[0.27224493],2.0921357440412494,76.18428403169968,
1,[-25579.607  27046.838],[0.27075312],0.35695192479172383,2.214924482312473,
2,[-7313.5776 28025.752 ],[0.1762169],0.4557122399842932,3.3188750985091993,
3,[-15501.322  34266.258],[0.2543808],0.3894823550368113,2.60407574410382,
4,[-42623.42   14758.524],[0.29856214],0.32777662749801695,1.9070826604731927,
5,[ 3060.2214 50018.215 ],[0.23912555],0.31096017392391834,1.6388833262807498,
6,[-7599.6577  7458.6475],[0.07363012],0.5095334972131483,3.597456997029468,
7,[-35025.676  13748.972],[0.24881653],0.3922349307627813,2.6281964353766987,
8,[-37000.8     8719.201],[0.23275125],0.2992415876901237,1.507643650433209,
9,[-43876.64   11205.548],[0.28555992],0.2522278377046232,1.117235602564108,
10,[-35657.21  -24004.701],[0.0575031],0.44352860746187284,2.6386297453277607,
11,[-48026.285  16379.298],[0.34123018],0.36454175115182286,2.425106233099294,
12,[-22129.822    1766.6554],[0.11883657],0.45648257557281774,3.107375172420358,
13,[-37018.812  33477.9  ],[0.38112983],0.34791964946812987,2.2666951877451584,
14,[-17501.111  24000.371],[0.209939],0.3360622638412034,1.8658690337733062,
15,[ 5534.2524 31599.086 ],[0.12826861],0.5264161462709026,4.186071612939387,
16,[-5696.1387 17130.844 ],[0.11296014],0.2370003461788512,0.8310270488866395,
17,[-16137.631    7107.5815],[0.11524298],0.36743901720292815,2.002388183736434,
18,[-19316.29   24643.377],[0.22323588],0.3347550839506661,1.8734836631497118,
19,[-42406.996  24314.184],[0.3565347],0.2754685427335647,1.3980130437613143,
20,[-10785.044  31089.113],[0.21099654],0.41391093749078994,2.83306425968759,
21,[-1059.8406 25036.104 ],[0.12861285],0.5001459783109693,3.7817132040247885,
22,[-19809.898  42873.15 ],[0.3304288],0.3678171475447477,2.4542868551434323,
23,[-47820.145 -20552.406],[0.13514131],0.3683719222970998,2.068559030777574,
24,[-29582.229  12277.03 ],[0.21122988],0.35252821231833714,2.055147726346199,
25,[-25857.623  28870.797],[0.28337812],0.12334520820580179,0.26755312195447833,
26,[ 3182.2046 48304.566 ],[0.22919321],0.24077333830848385,0.9738991327803892,
27,[-30179.086  49681.797],[0.44949895],0.31094433333849414,1.8760897762181123,
28,[-17773.09   20380.402],[0.19100964],0.4466200380189131,3.237449379317925,
29,[-29360.18   13032.637],[0.21429491],0.28764297294075886,1.3727326749732025,
30,[-41558.383  19845.799],[0.3230042],0.28026589097425797,1.416394619114618,
31,[-25173.807   8249.633],[0.16693363],0.2740225303360544,1.1877795361150478,
32,[-41181.812  48655.543],[0.53713983],0.3908921660040898,3.0884728095793026,
33,[-35692.79     5922.5737],[0.20939563],0.44412802395533196,3.258480019971624,
34,[-46347.543  48580.426],[0.5892899],0.5270808630750272,5.732149700175784,
35,[-37109.31   21407.783],[0.30551997],0.2759164979791832,1.358340115735005,
36,[-44670.     37088.746],[0.46430632],0.3543047266966133,2.4543773992847178,
37,[-17653.975  25591.35 ],[0.21925926],0.3038389703812271,1.5389427287419823,
38,[-16451.48   38607.875],[0.28540167],0.23900034722335772,1.003018349219979,
39,[-8364.547 34856.92 ],[0.2183398],0.3984930276396838,2.6438621002517166,
40,[-44789.887  20556.928],[0.34732],0.3480529201648486,2.223511796801403,
41,[ -870.43646 18802.25   ],[0.09614974],0.5582078503978587,4.4929991816760575,
42,[-22369.191  43410.2  ],[0.34999758],0.3599808129050603,2.3773344650428037,
43,[-37065.72   32246.164],[0.37319258],0.3447755203379726,2.2131299216875555,
44,[-2886.937 30241.197],[0.16492431],0.42770606477805173,2.887190334981847,
45,[-16575.363  49273.684],[0.35060295],0.33766078011145007,2.0940175123949634,
46,[-23085.455  20453.547],[0.22082856],0.2944805570407289,1.4452611595802265,
47,[-9209.49   6628.924],[0.07809936],0.33223037932735017,1.5447752831650983,
48,[-19985.033  11363.822],[0.15635295],0.24002653005123262,0.9010402107337122,
49,[-32303.57  48255.08],[0.45483357],0.333747594451338,2.168509006198006,
50,[-38830.5    14860.206],[0.27703828],0.31930157772455386,1.7809400318209958,
51,[-39439.76    7499.812],[0.23925152],0.15448579604037221,0.4056145057547193,
52,[-5815.397 12397.517],[0.08949818],0.43281181935768465,2.6720541746911977,
53,[-41655.71    8997.091],[0.25945148],0.37434137986885957,2.415315776858703,
54,[-47123.383 -14183.029],[0.16517411],0.44153526524139,3.0776706232360156,
55,[-7426.9478 29304.455 ],[0.18354793],0.44617845210714,3.2059972829225964,
56,[-41777.06    8959.237],[0.25994253],0.3709897220804459,2.3725796531496792,
57,[-19201.594  14676.326],[0.16890892],0.4073269806258082,2.628042831622553,
58,[-46571.223  12513.377],[0.3085593],0.35622054893694394,2.266069547706359,
59,[ 7371.5605 31845.172 ],[0.12064803],0.46526525621181214,3.236647714827515,
60,[-8089.266  9046.998],[0.08472516],0.42229010327746563,2.5220219423829975,
61,[-41122.984   8591.829],[0.25419962],0.37090495166103843,2.3602034748349885,
62,[-39983.66   45881.703],[0.49910575],0.38422601503976256,2.9345957456247724,
63,[-20074.139  20881.896],[0.20692773],0.3084701536067267,1.5669169023189748,
64,[-47974.95  31813.03],[0.44798842],0.39471273703600535,3.022251198420597,
65,[-36706.355  28483.838],[0.34640655],0.3355893271041037,2.063684654495839,
66,[-46788.484  44491.29 ],[0.5531409],0.35454238962401047,2.558283972832117,
67,[-28643.08     5881.6543],[0.17253265],0.33553950058782783,1.7924029264813328,
68,[ 4698.79  44325.152],[0.1988805],0.433934916688611,3.079358186886039,
69,[-31376.475  32997.344],[0.3413197],0.3201056801617885,1.8724773171928715,
70,[-38330.742  11497.83 ],[0.2546735],0.39681190846066516,2.7021893703013204,
71,[-32492.223    7737.8716],[0.20203693],0.4407603577744811,3.1856558390675396,
72,[-44055.97   14330.951],[0.30446038],0.3429197713234726,2.0965973471076063,
73,[-24353.783  17873.7  ],[0.21390747],0.35130389547246915,2.047786248325546,
74,[-22185.059  47268.78 ],[0.37409917],0.3501206910717689,2.2828682490257286,
75,[-11486.402  29707.66 ],[0.20749809],0.38930769687597894,2.496587971277587,
76,[-40842.24   34487.684],[0.4148689],0.35942467848083887,2.4618399076771347,
77,[-40713.156    1473.9528],[0.21220645],0.473022534222159,3.7016248046123827,
78,[-33295.14  -10201.955],[0.11432237],0.26611736552975557,1.0495749580722553,
79,[-47829.906  12930.191],[0.31856817],0.3735078079732899,2.5103245258325333,
80,[16665.5  38074.12],[0.10509564],0.5055494627383829,3.7373665549870543,
81,[-26157.564  -4228.453],[0.10761752],0.5176238916830977,3.9371742265733887,
82,[-19717.598  12188.516],[0.15955034],0.3886267213261986,2.369625354708229,
83,[-5574.743   5943.3774],[0.05639026],0.447057649105105,2.6756680388878076,
84,[-47084.773  11868.783],[0.30778807],0.35381564069552834,2.2346768149430636,
85,[10927.216 32440.252],[0.10546946],0.5298528530835613,4.109765747607895,
86,[-8887.089 47868.45 ],[0.29483807],0.3324568346567917,1.9556997674461507,
87,[-42547.97  -31050.959],[0.05678917],0.46973443324520914,2.9556546644818034,
88,[ 8837.762 41177.633],[0.16105431],0.38349119525618625,2.312464948341195,
89,[-35877.46   27011.148],[0.33173367],0.3641091640027511,2.4066788478937426,
90,[-34426.504    5825.0396],[0.20198056],0.46224890703050864,3.5042690010504387,
91,[-19116.87  49285.84],[0.36717626],0.3425952788260418,2.1771963848424063,
92,[-10741.21  35826.37],[0.23670472],0.37530337999989605,2.380180212494846,
93,[ 1226.4828 41957.88  ],[0.20471023],0.4399919212388529,3.181972720171383,
94,[10108.983 25900.523],[0.07763491],0.3628196731410062,1.8394983147956727,
95,[14975.377 25453.193],[0.0519641],0.5519578629080106,4.037597979893964,
96,[-12162.079  35285.09 ],[0.24144508],0.39360136936766754,2.6295366680021255,
97,[-41173.58    -8059.8965],[0.16588165],0.4040988122407499,2.579261654038259,
98,[-49922.13  35565.48],[0.49588612],0.373962096335884,2.772844900995262,
99,[-15596.695  32216.861],[0.24349912],0.3890921557722537,2.576283924313967,
100,[-15797.617   8292.851],[0.11979419],0.4507325403152181,3.034193078412788,
101,[ 3182.8118 43018.855 ],[0.19989507],0.4474719419032406,3.276092386375476,
102,[-45148.516  40792.86 ],[0.49947554],0.4010547052993488,3.197705978142257,
103,[-14603.334  32529.834],[0.23977734],0.3825210554169436,2.484078847506917,
104,[-46971.195  23788.94 ],[0.38290203],0.3499183852451954,2.2924050691815108,
105,[-38951.785  49663.664],[0.524995],0.384428715631554,2.972187326881562,
106,[-42542.793  31383.008],[0.4046702],0.37145149483002676,2.6151399670509474,
107,[-32391.25  40565.44],[0.39841652],0.2972248556713768,1.6699128350735812,
108,[-6845.782 20681.164],[0.13590744],0.4900816019513599,3.66585205473274,
109,[-25635.596  14968.916],[0.20447288],0.36250935499892767,2.1597353839076447,
110,[-13104.087  30302.912],[0.21952876],0.36275050216093946,2.190787259283208,
111,[-36732.805  30581.307],[0.36027923],0.3017105005342502,1.6818491842246779,
112,[-39714.086  15338.195],[0.28515851],0.23487005241696976,0.9681904049858583,
113,[ 2926.738 23055.812],[0.09829714],0.5734520096514256,4.759787872331222,
114,[-13696.99   25837.352],[0.19880858],0.3541236993797817,2.0488745554564844,
115,[-26979.281  27067.121],[0.27927768],0.25771734046515077,1.1613377808728533,
116,[-11255.923   6815.069],[0.08881765],0.42416283074929806,2.5642496718635117,
117,[29962.56  45433.504],[0.07617917],0.0706683842233431,0.06947144092657528,
118,[-12506.586  24148.957],[0.18294679],0.4734070478113131,3.6069380167764034,
119,[-35899.176  10064.195],[0.23380575],0.238098191246921,0.9575335735497602,
120,[-49677.566  39805.47 ],[0.5355864],0.16528460146652774,0.5524730330384006,
121,[-11943.82   44934.137],[0.29547438],0.3487319694269369,2.1509894422201805,
122,[-24139.633  20680.174],[0.22734906],0.3250376064615669,1.773423419957657,
123,[-42025.81   40465.926],[0.47050846],0.3402249428552398,2.272594029788855,
124,[-31442.547  45597.387],[0.42772782],0.3297364273062237,2.085420212298183,
125,[-25815.297  44475.09 ],[0.37964553],0.35859311708470476,2.4047789849880483,
126,[-7602.1763 44781.56  ],[0.26932457],0.3644639801611118,2.3076602401546618,
127,[-7009.7505 46380.64  ],[0.27523226],0.3371300113709401,1.982448546812738,
128,[-41703.31   23655.602],[0.3477342],0.28540444710494545,1.4939891718930638,
129,[-33700.055  21275.852],[0.2848074],0.10240049209790172,0.18388340125311362,
130,[-30342.848 -12372.458],[0.08859427],0.1972077485798514,0.5543804176850553,
131,[-36878.07   13346.965],[0.2569707],0.3859571569724424,2.563060060950678,
132,[-6385.8916 31871.209 ],[0.19194256],0.37932624695062034,2.3354612938666164,
133,[-39723.223  28176.895],[0.3642413],0.2715303480267343,1.365257980962125,
134,[-45761.54  -31594.545],[0.06925119],0.507064688343725,3.5357446485860264,
135,[-21384.934  13429.098],[0.17355882],0.4447095736038085,3.1524335412282287,
136,[-24833.117  27799.596],[0.27075967],0.3620690278532192,2.2802898177343405,
137,[-22294.064  38835.02 ],[0.32099727],0.3482322889263909,2.1857481685104827,
138,[-28069.545    6922.6196],[0.17480288],0.38378018732908786,2.351456519858872,
139,[-47355.555    2430.2524],[0.25529248],0.27738013899324293,1.3211087642909123,
140,[-23084.201  36536.87 ],[0.311937],0.33069811424893636,1.9579575508631235,
141,[23520.742 46888.027],[0.11531967],0.4076692097044903,2.46662429413888,
142,[-16280.828  37881.164],[0.280046],0.1871211962650519,0.6123835063706299,
143,[14391.356 49614.95 ],[0.17566136],0.44875875519543496,3.2183259597884986,
144,[-42664.793  24839.436],[0.36165082],0.27017924936141063,1.35054601996012,
145,[-41217.11    9597.533],[0.2603387],0.3786129253840541,2.4713534641996167,
146,[-33935.81    9478.578],[0.21972863],0.32006041727993373,1.7069764388903907,
147,[ 3589.598 34034.723],[0.15153153],0.2936421618793563,1.3392077378791647,
148,[-20818.9    32028.723],[0.27195662],0.3676786188711503,2.351324556678395,
149,[-47994.71   17865.994],[0.3507293],0.32938958141754276,1.9936784857410963,
150,[-47416.117  22361.328],[0.37644663],0.3250706759328913,1.9710034184964713,
151,[-38352.49     5274.0234],[0.22058736],0.3883916111451961,2.5163919241847013,
152,[-50047.78    9091.042],[0.3087121],0.38054843325913346,2.5864419544598674,
153,[-26356.006  18349.96 ],[0.2266877],0.3367225033301892,1.9001741754948267,
154,[-28209.713  30165.555],[0.30439684],0.34201772703220995,2.0834367615738563,
155,[-10340.471  14661.769],[0.12369446],0.35704303760912587,1.9146934012760495,
156,[-7149.5938 39879.195 ],[0.23950343],0.3150536123187716,1.6825776838518103,
157,[-35363.04   45697.035],[0.45847312],0.36746889389078635,2.63428920611318,
158,[-9167.177 12989.004],[0.10913061],0.44069713169041863,2.856970861209402,
159,[-11821.47   26301.123],[0.19084856],0.44653472005024686,3.2336925633571907,
160,[-24812.918      595.27795],[0.1257983],0.332202992441019,1.6624019852336573,
161,[-38458.258  18702.906],[0.29755178],0.22999443949165582,0.9367628796947489,
162,[-17377.617  37479.27 ],[0.28422272],0.2394998351890242,1.0059856165464192,
163,[-23172.254  40617.39 ],[0.337728],0.3025389333832087,1.665825057267584,
164,[-44125.516  48311.855],[0.563311],0.45386407681409896,4.207575270726827,
165,[-30912.107  40927.766],[0.39056575],0.31187430158989465,1.8282840799689444,
166,[-47130.176  28916.947],[0.41969052],0.3937035398787797,2.9629137612118606,
167,[-47154.195  38433.234],[0.49592704],0.41839837181279504,3.4734020236286782,
168,[-10300.8125  16757.53  ],[0.13347402],0.4996653753628384,3.795915126248525,
169,[-13222.769  18739.22 ],[0.15957771],0.2886517523315089,1.307354644736261,
170,[-38692.695  29027.838],[0.36301565],0.2838723786162655,1.4914101601098912,
171,[ 3072.3586 18730.242 ],[0.07675214],0.4623405079298568,2.9824286097206216,
172,[-33191.68   32072.031],[0.3470744],0.29796255015531764,1.628720576628652,
173,[-19986.607  49415.38 ],[0.3738961],0.33047336594101007,2.034451083131583,
174,[-6347.796 11985.011],[0.09003223],0.4523666738938176,2.9198835923319675,
175,[-8906.788 22951.445],[0.15904275],0.2895537595288416,1.3139568971799371,
176,[-2472.7634 12874.174 ],[0.07512052],0.49138962439170275,3.357605327454747,
177,[-26687.307  37548.85 ],[0.34058365],0.2916836482233751,1.5532844539329886,
178,[-50655.254 -38721.105],[0.05615799],0.8081006347154533,8.740820387973336,
179,[-40835.773  18809.059],[0.3123321],0.26560412503411623,1.2632032570105556,
180,[-23195.453    5360.9883],[0.14116369],0.4847117243837421,3.6084564400495602,
181,[-25145.03  21593.8 ],[0.23747924],0.4026548139409534,2.745478433709593,
182,[-12845.546  37887.984],[0.25984603],0.3839271315707097,2.5428646749512023,
183,[12589.197 38568.895],[0.12789753],0.5188494622403191,4.063884953138002,
184,[-19438.176  -7946.931],[0.0565403],0.3148044444608078,1.3267634420637797,
185,[-23922.895  48463.656],[0.3942376],0.3289538662881613,2.041257165046141,
186,[-29822.678  40165.945],[0.377862],0.325825079053448,1.9809180754727693,
187,[-46238.18   44091.414],[0.54350954],0.3164507906493426,2.029936878072304,
188,[-28426.627   3908.984],[0.16204882],0.4447829563977403,3.1126589881292404,
189,[-28888.6    29560.059],[0.30479786],0.34847853973623666,2.163945301534875,
190,[-5554.8564 16358.1045],[0.10787959],0.4495366135348632,2.966268238658199,
191,[13509.087 41291.004],[0.13727084],0.479012953715249,3.5064402426877725,
192,[-26707.922  10487.68 ],[0.18605271],0.4353580219744357,3.0598755731636493,
193,[-30630.627  23235.182],[0.2782282],0.2603948244125651,1.1857313365838218,
194,[-30797.525  -1352.179],[0.1458961],0.4505123205464226,3.1340088622567457,
195,[-22775.605  20697.785],[0.22051501],0.310585125088147,1.6096277994466286,
196,[-25954.455  50779.312],[0.425807],0.2722427051985596,1.4215168931919244,
197,[-29461.242  21283.38 ],[0.2597663],0.40430173044896195,2.817464184018444,
198,[ 6024.519 19120.129],[0.06327482],0.6472518795736317,5.695020241355474,
199,[-43493.03   28135.146],[0.38909984],0.31296389021848153,1.8409232848489558,
200,[-42876.203   -5073.4927],[0.18922211],0.4384767198124592,3.111589411063849,
201,[-45017.18   48616.707],[0.57584333],0.4852561166833861,4.837407643766666,
202,[-8543.464 13398.631],[0.10797293],0.4620106888363855,3.1347054832581978,
203,[-45835.04   15088.771],[0.31954592],0.37628112483732173,2.546465862793266,
204,[-23455.014  46437.45 ],[0.37705863],0.3475317102800675,2.2534123205724543,
205,[-39040.793   -2241.7812],[0.1840851],0.41687223164973375,2.79853358881841,
206,[-9595.98 34463.4 ],[0.22304139],0.3672097974628671,2.256336054022709,
207,[-46177.21  48157.91],[0.58348554],0.5018058321404378,5.184660363820966,
208,[35195.56  50842.508],[0.07706736],0.2076751202483114,0.6023449037727014,
209,[-33345.934  20409.65 ],[0.2773674],0.3299529637548799,1.9011475888688552,
210,[-28297.963  45199.32 ],[0.40189117],0.3451629077921351,2.2540564227841826,
211,[ 2588.2302 43979.06  ],[0.20824462],0.43810574864270213,3.1611108488668327,
212,[-40247.64   22436.926],[0.33079773],0.3088995766569854,1.7296087950489443,
213,[-36069.91  45291.21],[0.4610096],0.3592597231853938,2.519569269461098,
214,[-7839.205 30951.281],[0.19484662],0.3587417442345332,2.0951859999497686,
215,[-33516.32   22421.197],[0.29044506],0.14022321180032873,0.3470535981104265,
216,[-45709.273  11849.588],[0.29962355],0.3252847178110769,1.8780473801607334,
217,[-1710.726 28792.527],[0.15174513],0.33659349445687203,1.761921835911974,
218,[-44557.203  20656.705],[0.34645155],0.35145163365342424,2.2616626435515412,
219,[-10251.782  25159.414],[0.17643213],0.4769696149160686,3.6347041377441727,
220,[-29724.084  17651.668],[0.24091282],0.41337230913039374,2.9018887111339957,
221,[-36008.35   46096.684],[0.4667008],0.38657611640229206,2.927944745813362,
222,[ -556.71606 21523.387  ],[0.1086226],0.4709780568252612,3.260367391439244,
223,[-7245.393 25015.523],[0.16095726],0.235061489855618,0.8667994815089819,
224,[-5668.0674 29017.73  ],[0.17298476],0.42965256729450774,2.9385123602364454,
225,[-28857.514  48709.535],[0.43185347],0.3070483244781603,1.8142187313136104,
226,[-3942.1902 35557.17  ],[0.19803864],0.45670670682920306,3.4074176569920493,
227,[-50760.906  44885.69 ],[0.59731627],0.5439178945429128,6.126407465088973,
228,[-37049.387  45066.15 ],[0.46730837],0.34795552995119156,2.3722705889695908,
229,[-15926.803  25623.69 ],[0.21003577],0.2697103442263326,1.2009236930898488,
230,[-24327.562  41331.234],[0.3495025],0.3176655981735993,1.8529811219426444,
231,[-47191.758   -2058.7593],[0.22905791],0.32536637786864164,1.7779555137255107,
232,[-26723.074   9086.789],[0.17881651],0.4331950522517248,3.0060376132815723,
233,[-27117.66   22726.227],[0.2547234],0.40172502862778525,2.771223090449705,
234,[-37519.734  33073.44 ],[0.3817669],0.3499839812716382,2.293902612493726,
235,[-20834.19   27686.365],[0.24734196],0.4011061779650879,2.7467493465849064,
236,[-11373.363  40409.043],[0.26580068],0.3808554236701671,2.514739846013005,
237,[-15464.986    6339.3247],[0.10722379],0.4753182277996496,3.3156656781550544,
238,[-4737.6943 18268.545 ],[0.11401581],0.3576486802536398,1.8953557122568887,
239,[-37482.38  -21615.035],[0.07873664],0.5228089936538153,3.8306959928782565,
240,[-10677.69  19272.27],[0.14851329],0.44294059617339465,3.039411158559758,
241,[-28289.688   -4347.1206],[0.11902357],0.445810474653786,2.966800736671989,
242,[-50908.965   4632.175],[0.28816226],0.1998816982331875,0.7047723361169538,
243,[-29263.229  33674.105],[0.33223867],0.3342732692471548,2.0242437408953986,
244,[18189.197 36785.23 ],[0.09073934],0.5713622964545609,4.666238040192921,
245,[-26340.6    43976.535],[0.37980235],0.36129245027566054,2.4413239009738077,
246,[-6797.127 33192.777],[0.20092125],0.4170195123004438,2.848038162619103,
247,[-43742.535  40592.45 ],[0.48599726],0.35516118269412644,2.490909260944899,
248,[-26917.396    7771.3433],[0.17320485],0.38835753849074117,2.4015730798175445,
249,[-42956.324  13079.353],[0.29089233],0.24371326727907508,1.0487870218035658,
250,[-26654.238  24223.104],[0.26071852],0.37441287910284204,2.4170933537445216,
251,[-17433.998  48432.207],[0.35061958],0.35115448294482154,2.265080866285225,
252,[-11589.981  11965.299],[0.11703312],0.4388555542084433,2.8663398319440807,
253,[-43480.88   10016.108],[0.2760859],0.2674137782174928,1.2470536987521514,
254,[-40900.53   26383.848],[0.36016774],0.28301912577804594,1.4789390221825847,
255,[-8886.019 14899.862],[0.11820482],0.43995028163786987,2.884461657723532,
256,[-10293.033   9863.306],[0.09867026],0.5392851454359566,4.210301669321415,
257,[-3303.177 47642.074],[0.26049495],0.4491027560312087,3.4793732926887713,
258,[-5320.756 43882.996],[0.2513065],0.37663159567647125,2.42925902591708,
259,[-36130.023      134.61899],[0.18143478],0.38683713758878946,2.40574924259667,
260,[-22196.238  18765.377],[0.20694913],0.3052206568004393,1.5329513586699919,
261,[-34504.344  32687.902],[0.35942677],0.3131412791454461,1.8106252436677535,
262,[-37525.793  21406.664],[0.30799565],0.28063199402485595,1.4085734708836037,
263,[-39677.156  48152.68 ],[0.5171618],0.3948783139750628,3.1240405442936314,
264,[-48569.98   32052.371],[0.45463878],0.39083364189636416,2.9726111742712753,
265,[-38880.67   26635.203],[0.34850404],0.33241394207940306,2.0264239579406276,
266,[-38677.094  17240.43 ],[0.29040572],0.22928330778586936,0.9276382327590178,
267,[-39812.164  17777.734],[0.30010876],0.22098364571469173,0.8679719330223259,
268,[-50084.57     7204.6445],[0.29773593],0.37483310322337093,2.48959086801968,
269,[ 7280.9927 23472.008 ],[0.08016624],0.47565664376498984,3.1757975623068884,
270,[-10880.24     2889.5688],[0.0668926],0.5950976569725408,4.850377087778519,
271,[-5688.401 48164.504],[0.2777917],0.3569038225409595,2.2271948622627673,
272,[-17669.844  -6671.39 ],[0.05440803],0.5059228734532737,3.4112964180133294,
273,[-42241.918  31812.45 ],[0.40555087],0.3743456828145367,2.658468772932345,
274,[-41484.22   50465.582],[0.5589314],0.4220060203236229,3.6322075248476073,
275,[19955.32  31025.305],[0.0539845],0.526862671215843,3.6976250173960103,
276,[-26381.996  22496.48 ],[0.24924368],0.41353727860350065,2.9206184556850077,
277,[-24705.209  42561.234],[0.3595935],0.36017448421019893,2.3961340278125967,
278,[-33732.402  38195.72 ],[0.39113745],0.31794917755359586,1.9006040563131636,
279,[-10740.326  50742.15 ],[0.32312503],0.35385431076288637,2.2602688733971146,
280,[-25711.145    5612.4478],[0.15618008],0.1615299272804701,0.4088634829419625,
281,[-14767.906  24214.746],[0.19570082],0.39548467497272843,2.5487702712260725,
282,[-11561.993  37945.977],[0.25286078],0.3993547047725155,2.7325181073094655,
283,[-24755.988  45567.043],[0.37991866],0.3525363413208453,2.3232013115523547,
284,[-37865.23   41092.445],[0.44227156],0.33277735206104125,2.141020388054147,
285,[-22021.572  47873.   ],[0.37711877],0.34139622961125576,2.1767420429868847,
286,[-8235.0625 32828.008 ],[0.20651783],0.43477595124027896,3.1099280059160628,
287,[-46096.598  10360.589],[0.29329705],0.27513837061821556,1.3379829449412644,
288,[-39241.344  34493.633],[0.4034924],0.35407184630974065,2.373712724454031,
289,[-20689.748    -751.6968],[0.09753808],0.5470028144024006,4.325453565909627,
290,[-25749.15   25994.188],[0.26561558],0.37534306195754696,2.438768062082413,
291,[25395.168 36882.613],[0.05589695],0.5627734315126197,4.236508321338497,
292,[-29078.672  47223.016],[0.4223209],0.320310433227136,1.9616967063615007,
293,[-43520.973  42031.293],[0.4959887],0.4003415501698322,3.1832770622809745,
294,[-3938.7239 37541.203 ],[0.2089202],0.4082262717300857,2.750599914114314,
295,[-41200.72  11745.86],[0.27258816],0.3563624510734962,2.209939303665612,
296,[-33862.406  47513.645],[0.46108127],0.36326460880225037,2.575620551495922,
297,[-13382.82   24239.688],[0.18814754],0.45636050459496635,3.3671878741176573,
298,[-17024.838  27076.86 ],[0.2239102],0.3027776893772059,1.534898001790426,
299,[-44016.72  17074.7 ],[0.32065752],0.36429575759843724,2.3925836397362894,
300,[-24560.945  10541.331],[0.1751531],0.4292884549386771,2.939393972212674,
301,[-48350.504  46076.383],[0.5851347],0.49313736219044907,5.009612474374773,
302,[-36949.95   25206.117],[0.32716516],0.3683066547347676,2.45554992220242,
303,[-15406.564  13311.341],[0.14204107],0.47599715004558774,3.4828825203309535,
304,[-24535.014  36854.184],[0.32276556],0.3166287754789625,1.8086554871005074,
305,[-6939.5015 27975.736 ],[0.1740652],0.4479606394740189,3.1971381403083416,
306,[-48696.066  47872.473],[0.60656434],0.5786167703173567,6.958177227053893,
307,[-34620.125  19666.035],[0.28065288],0.2630391088746653,1.212437656517114,
308,[-17663.018  34955.918],[0.27081957],0.33516824744446927,1.9518013520840878,
309,[-41313.14   17954.127],[0.30966428],0.354998333934137,2.2536044124903505,
310,[-29362.629  15449.216],[0.22748053],0.25183701678849224,1.0644028848622473,
311,[-19475.938  42034.81 ],[0.32313555],0.375957897234126,2.5519908263713917,
312,[14975.083 37202.117],[0.1097345],0.3522409464272935,1.827389453031454,
313,[-29941.691  23138.873],[0.27352452],0.32068134803800263,1.7920950357379974,
314,[-28425.55   23546.154],[0.2670636],0.348513999582158,2.1059703390889286,
315,[-43655.094  38213.316],[0.4651518],0.3585449391958418,2.515362771706602,
316,[-17495.012  37142.863],[0.2829182],0.21955021147668322,0.8455282821206516,
317,[-20450.926  38263.953],[0.30639303],0.3480817384271408,2.1599536680246247,
318,[-36809.875  37750.754],[0.4095312],0.3360386177922507,2.1480655225048313,
319,[-50848.17   10738.284],[0.32348302],0.3895761379859921,2.7425073594298155,
320,[-31098.084   9932.96 ],[0.20647275],0.41622209291432893,2.84940608640458,
321,[17096.64 33244.54],[0.07964505],0.33783046615978607,1.6011391655274538,
322,[-16336.983  26823.336],[0.21867815],0.24125630933684497,0.9691050668746376,
323,[-19041.75   41351.953],[0.31631812],0.37650678870742926,2.5452243835377595,
324,[-24483.61  42994.92],[0.36098295],0.35921582057995116,2.3862696598361532,
325,[-12523.753  45512.887],[0.30221647],0.3679300332285448,2.4088963893203914,
326,[-40378.176   4681.501],[0.22865522],0.3259195242685773,1.7846060701841708,
327,[-44311.45  -14598.266],[0.14723815],0.45490561840633276,3.200238346463987,
328,[-6298.1074 26005.814 ],[0.1612322],0.10202391939313897,0.16328995140602076,
329,[-32052.238 -10369.885],[0.10657079],0.48463529147591805,3.4412581594012486,
330,[-9457.799 49045.906],[0.30504262],0.36186125066402536,2.3338849552141987,
331,[-22030.041  13660.606],[0.17800191],0.4620356985034701,3.4154571499933,
332,[-24000.678  32456.219],[0.29327613],0.28192239145471953,1.4040002731459909,
333,[-36692.07  46983.87],[0.48000103],0.3775023352476666,2.809003081656377,
334,[-27802.979   9661.511],[0.18753216],0.4245047523874284,2.913988306302284,
335,[-42379.777  23520.336],[0.35121995],0.2801145853217192,1.442028206236185,
336,[-41118.26   34027.883],[0.4135125],0.3618071185785503,2.4938962849712114,
337,[-2233.5679 49195.746 ],[0.263318],0.4400377639931664,3.348413095646533,
338,[-23480.975  47214.23 ],[0.38252214],0.341964125059608,2.1924687905627027,
339,[-20732.426  31446.389],[0.2680232],0.385674420336911,2.581280798261613,
340,[-50428.008  18197.365],[0.3691564],0.22537576846924534,0.9440705936490762,
341,[-32862.79   38139.832],[0.38480672],0.3139955505845122,1.849703232725376,
342,[-8976.099 31336.125],[0.20269038],0.4079240627290683,2.729116303223647,
343,[-21636.314  10962.499],[0.16290972],0.3088837567289724,1.5021319510459457,
344,[-20170.11   40668.516],[0.31907448],0.3700507519165831,2.4623082032715713,
345,[-45025.86   43021.074],[0.52000713],0.3520370984193611,2.4889850042114023,
346,[-25374.19  -14854.476],[0.0526598],0.657452981045512,5.736042845386826,
347,[-19415.168  36208.195],[0.28867942],0.22807733992616136,0.916185557314504,
348,[-25747.645  37653.05 ],[0.33529162],0.3019577071562686,1.6594945935251622,
349,[-15943.484  44256.125],[0.31514367],0.3759715807363851,2.538491076860748,
350,[-25203.395  49857.11 ],[0.4133971],0.29784275189545634,1.6899763999908588,
351,[-44490.086    7787.1377],[0.2690097],0.29776030807101234,1.5394028307244663,
352,[-5099.0303 16541.797 ],[0.10642017],0.4725644676553497,3.2736933825806207,
353,[-14464.919  23368.291],[0.18931367],0.4481986415428175,3.2538223835682074,
354,[-17800.729  40666.24 ],[0.30485526],0.35673180032454144,2.270490634987282,
355,[-18301.664   9796.69 ],[0.13883775],0.48478364419932213,3.60008810206562,
356,[-46558.33   10953.685],[0.29934052],0.32651477623877806,1.8899930166185412,
357,[12785.181 39137.09 ],[0.12978235],0.5174267735729594,4.051851239754311,
358,[30038.555 42982.63 ],[0.06272418],0.6187797424911778,5.198045103237944,
359,[-37137.246 -23470.61 ],[0.06683224],0.49474966586107594,3.3500503003612256,
360,[-43333.715 -20914.844],[0.11035477],0.4623793066109704,3.1539868780808002,
361,[-48839.04   10417.752],[0.3095674],0.36028722762802823,2.319737262247147,
362,[-18924.953  27501.53 ],[0.23614207],0.32722484665212287,1.810395840657692,
363,[21714.125 34662.945],[0.06242115],0.6666628502737936,6.029925183962098,
364,[-39848.96    5787.456],[0.2322583],0.2853898038326324,1.3735661786267137,
365,[-44792.84   39745.465],[0.48762858],0.36513304425454307,2.6367702706727574,
366,[-44866.824  29834.324],[0.41019362],0.3724220443706013,2.6363822341162217,
367,[-29506.102  12565.707],[0.21244524],0.33203096739476107,1.8284472109448293,
368,[-20919.203  30260.746],[0.26223785],0.40250408427633966,2.796075491661609,
369,[-48428.87  -27820.873],[0.10121831],0.483802237227317,3.4030426635243383,
370,[-45688.69   39496.773],[0.4927928],0.39687602853652043,3.1225176125238647,
371,[-46266.535  36207.28 ],[0.47010717],0.3616019709366292,2.564455161325489,
372,[-38065.62     6038.6387],[0.22343118],0.33193809517347783,1.8412525223421936,
373,[ 2366.633 28073.396],[0.12661943],0.505175376010184,3.847225598419503,
374,[-31049.54  45815.34],[0.4264316],0.3284532831083719,2.0693576378951506,
375,[-46463.082  30851.262],[0.42886043],0.4079284876125274,3.1962627672539146,
376,[-23712.508  30908.898],[0.28260684],0.2586306598405184,1.1730597462631962,
377,[-50148.883  43003.785],[0.572462],0.43087174680025303,3.8071134020138033,
378,[-34778.75   30515.438],[0.34723058],0.3063352333354691,1.7206179318343546,
379,[-30725.088   8477.426],[0.19666621],0.4295599453296131,3.008484039201516,
380,[-27757.484   8215.352],[0.17973074],0.42246670797302277,2.8612385807212233,
381,[-30991.451  41493.32 ],[0.39507276],0.3053821460742837,1.7608001472596855,
382,[-15763.092   8292.72 ],[0.11963873],0.45526310124597746,3.094254764191863,
383,[21938.729 44140.79 ],[0.10941586],0.425393778067146,2.6627711524702655,
384,[-43894.332  11935.837],[0.2897741],0.17209818075876354,0.5220279546141546,
385,[-19809.426  15008.046],[0.17354663],0.44926920011440497,3.2184071567172077,
386,[-17860.76  37095.3 ],[0.28483605],0.257420838491491,1.164843611579747,
387,[ 3847.1501 15517.8545],[0.05666662],0.5912422589659921,4.683263642901071,
388,[-48452.652  42660.332],[0.5516687],0.33323255055241663,2.2581532840492753,
389,[-34232.37   46284.613],[0.4541834],0.362938466402703,2.5638095246431623,
390,[-49337.125  23068.877],[0.39444715],0.3183209273303359,1.9089005640698185,
391,[-40408.28   46948.484],[0.5128174],0.38724725798249854,2.998675868835161,
392,[-33159.64   33246.492],[0.35440433],0.298243111713687,1.6360459543387051,
393,[-43931.766  28424.576],[0.39403394],0.3283079057283314,2.0303364105808592,
394,[-19725.07   20379.105],[0.20196119],0.31630032728574536,1.6404198711123115,
395,[-50744.996   -4995.7363],[0.2331762],0.3688269270178557,2.2947462778585463,
396,[-12229.157  11417.95 ],[0.11756677],0.4551334133590518,3.0833219433823653,
397,[-8943.953 50334.4  ],[0.30969703],0.36009639864648674,2.3199712376374557,
398,[-32999.195   5793.847],[0.19431765],0.4553911986865088,3.3719851375944705,
399,[-7176.895 17457.287],[0.12195455],0.28673370704165124,1.2320659053968581,
400,[-46194.457  27277.77 ],[0.40161756],0.35586649729927156,2.3973565506092345,
401,[-5980.544 16150.877],[0.10906139],0.42545665951749523,2.6638297076222095,
402,[ -770.6758 36575.94  ],[0.18726811],0.3466409173214951,1.942812794591429,
403,[-48417.723  32570.963],[0.45768425],0.3829724956814516,2.86104770186997,
404,[-20701.457  21744.314],[0.21532229],0.3997127305820108,2.6530950012360655,
405,[-22134.854  34382.52 ],[0.2937189],0.2466595812019985,1.0759093390006398,
406,[-34730.555 -19712.932],[0.07390945],0.23078038806364873,0.7385899908135696,
407,[-40442.742  34280.023],[0.4105123],0.35668559207935385,2.4194043026042693,
408,[-15885.469  45078.754],[0.31984386],0.36927336477907285,2.4574585724637017,
409,[ -168.99187 48557.953  ],[0.24822406],0.4348046402836213,3.2259613874845936,
410,[-39054.586  50820.734],[0.53776914],0.3795661946977449,2.9134890971393452,
411,[-9771.897 26481.055],[0.18080446],0.4782710232093242,3.67341124296284,
412,[-37727.203  29190.926],[0.35775772],0.2893058590542607,1.5450440695931071,
413,[-8029.2046 15194.91  ],[0.11516568],0.37926442671420835,2.1351171222692393,
414,[-28175.049    2473.2837],[0.15242864],0.3596364376615672,2.0133590781755606,
415,[-19280.525   9953.93 ],[0.14473757],0.4650833583725419,3.3345198905328153,
416,[-31346.508  41459.293],[0.39733693],0.30147762299772984,1.7158183434314638,
417,[-35752.008  14225.594],[0.25557148],0.3875779377086744,2.5800838296350452,
418,[-45442.707  29497.129],[0.4118676],0.3760612321232003,2.6925340747511997,
419,[31818.043 43989.656],[0.0589323],0.6240740753443529,5.245017899481974,
420,[-39082.53   31530.168],[0.38190076],0.34976715835009076,2.2919574652706003,
421,[-21911.135  10901.375],[0.16392301],0.24389421068656755,0.9374652245627214,
422,[-7905.186 39182.414],[0.23974735],0.33751890380163735,1.9302643813307216,
423,[-14379.436  12473.838],[0.13257466],0.4783412855479521,3.473509505025845,
424,[-20037.139  47504.824],[0.36134338],0.36560418580287896,2.4721515110033603,
425,[  604.78357 19143.314  ],[0.09070036],0.5320168989931339,4.044621474104949,
426,[-25948.85   38189.887],[0.33998644],0.2874826910131279,1.5069079371813183,
427,[-33531.25  50102.37],[0.47969446],0.3738808405419292,2.755363348555637,
428,[-16541.076  37164.77 ],[0.27737164],0.22248586490891495,0.8653158992216451,
429,[-34781.785  42099.74 ],[0.42678204],0.2960001661083904,1.6822931136594543,
430,[-46723.37   15723.765],[0.3288813],0.37860577173650695,2.5966596204256436,
431,[-50594.76   23199.188],[0.4042232],0.3141061274096191,1.8686071064519865,
432,[-36463.87   14547.386],[0.261456],0.37748570979305734,2.4584953973505317,
433,[ 8235.057 47735.367],[0.19783702],0.4806362225019084,3.7722944826665232,
434,[35041.836 49743.355],[0.07170743],0.5478498524363696,4.14689954425229,
435,[-35414.42   25625.676],[0.3203467],0.36406282283983743,2.387331996430719,
436,[-14966.581  46874.996],[0.32532507],0.3547240811070816,2.2757954284107176,
437,[12663.709 38833.684],[0.12885484],0.5188900550833057,4.070308611229278,
438,[-34689.246  17339.014],[0.26726878],0.36990277032583824,2.3705980297261866,
439,[-9788.588 43589.734],[0.2750704],0.35531642875935365,2.2012416416958733,
440,[-21831.184  46311.73 ],[0.36530796],0.36232658748702873,2.434617394406815,
441,[-7363.5483 25215.78  ],[0.16246568],0.3256921164095542,1.6696604224687241,
442,[-22588.7      7502.2354],[0.14928879],0.4323944300149488,2.8980854714853406,
443,[-36131.254  41398.504],[0.4315332],0.31257833198609913,1.880964935321563,
444,[-48249.574  49153.75 ],[0.6145586],0.6112879744747227,7.785623051692581,
445,[-12996.481  14908.208],[0.13777743],0.4964396917055526,3.7702661660884185,
446,[-42622.51  37402.03],[0.4499466],0.38796024968610165,2.92386939680224,
447,[-36129.57   38643.625],[0.41112956],0.32707986158834035,2.0359077664500176,
448,[-20359.527  11833.694],[0.16095221],0.36463927750262387,2.089556716631928,
449,[-36860.773  -9621.704],[0.13493131],0.3897133053034009,2.3138325608711385,
450,[-34335.4    47779.273],[0.46694657],0.3757399514219503,2.7625603056729475,
451,[-36742.84   33611.836],[0.38017932],0.3466097058359642,2.2483474436471917,
452,[-10156.242  26823.096],[0.18466054],0.47103141903234014,3.5752875048958517,
453,[-23323.205  48329.62 ],[0.38914663],0.33143499665673815,2.065712955201789,
454,[-27692.768 -12573.293],[0.07432333],0.3498517710900858,1.7003727245291695,
455,[-36315.69   22298.656],[0.30602],0.30041780643078503,1.6099268896727998,
456,[-13126.498  15552.741],[0.14177263],0.4869350920178438,3.6442430136663013,
457,[-15118.773  34514.15 ],[0.25361],0.3918579298161887,2.6358656048328415,
458,[-29707.656  37315.625],[0.3582764],0.32234583941891737,1.9167059335968015,
459,[-41126.984  40664.504],[0.4647837],0.33534189308750506,2.198220881506893,
460,[-46458.062   10369.5205],[0.29540622],0.2984396086331241,1.5776090391703002,
461,[-39969.402  21592.668],[0.3239465],0.28791940805684074,1.4989725426291782,
462,[-32989.89   35368.504],[0.3670223],0.32157065174471616,1.919553637120894,
463,[-42822.137 -31859.455],[0.05458923],0.6024026224706793,4.841835765358181,
464,[-47139.188  42428.383],[0.53588665],0.28832243440081023,1.6796560581482751,
465,[-50045.707  22865.346],[0.39804533],0.3065918168361325,1.773431277173053,
466,[-37585.137  30748.975],[0.36685613],0.3225527720542651,1.9311094561298472,
467,[-23241.047   7251.788],[0.15149894],0.39823357107441515,2.4646728489240113,
468,[-46541.51   10756.155],[0.2981014],0.31943088692794835,1.8105825140047018,
469,[-47331.418   -6435.7554],[0.20586294],0.3968621515457797,2.5915248103443593,
470,[-13790.782   9730.715],[0.11681538],0.4266010470510323,2.7088275213007775,
471,[-14672.031   6133.627],[0.10197563],0.5260856254653443,4.028151365021914,
472,[-35758.727  15106.311],[0.26061508],0.3799157136563297,2.4885887968502662,
473,[-9697.451 15670.888],[0.12536965],0.41556330447676365,2.6005051050462846,
474,[-13917.805  13755.361],[0.13662751],0.49323432016745183,3.714664577416343,
475,[-9228.777   6317.6377],[0.07641215],0.368192663811927,1.8902474171437587,
476,[ 9156.628 46408.027],[0.1860738],0.47225763161866313,3.6016424174673882,
477,[-39554.76  -12205.555],[0.13520643],0.4567893206700507,3.178179672200274,
478,[-5507.134 27512.826],[0.1647061],0.3411413511868768,1.836850876260601,
479,[-7325.618  6807.403],[0.06868517],0.5922721437569116,4.820159178822751,
480,[-12293.736  41165.234],[0.27551895],0.3579279490881541,2.2351598650311653,
481,[-17840.56   13404.156],[0.15579532],0.21230091051569694,0.7047497650439205,
482,[-25331.041  44551.74 ],[0.37690347],0.3584635137950401,2.3968005253259577,
483,[ 9550.561 45631.54 ],[0.18022564],0.4340141850431067,3.024669231680607,
484,[-38343.71   25026.018],[0.33472893],0.3643772548637536,2.4143645642990665,
485,[-26106.627  12003.175],[0.19095454],0.420068683740263,2.8626146914656183,
486,[-10002.532   9793.019],[0.09689426],0.5371557237621084,4.166469385018518,
487,[-45597.08  -27957.348],[0.08740903],0.47531247015045747,3.212110963649198,
488,[-45661.01  -27336.463],[0.09038728],0.1981006212931837,0.5614311635632104,
489,[-11203.541  49796.016],[0.32012114],0.36086982581874827,2.3465416931737266,
490,[-35530.08   11488.039],[0.23937729],0.33396905990110926,1.8902970433357036,
491,[-50001.89   39615.516],[0.53697157],0.1616797741915252,0.5274026052697033,
492,[-9911.195   5989.4004],[0.0784879],0.38628139708666426,2.0880517806151584,
493,[-43026.    43284.68],[0.50285023],0.4001326466618021,3.1879358283082717,
494,[-33333.145  28702.459],[0.32640246],0.37098294093907824,2.4884662514744877,
495,[-18919.875  -6481.444],[0.06066224],0.5342073205645947,3.8574164808727387,
496,[-42484.637  -9944.267],[0.1627882],0.375540424960923,2.219208055355578,
497,[28358.404 46147.08 ],[0.08692078],0.5448803475244096,4.219865110505215,
498,[-39225.01   31538.479],[0.38291746],0.35079682740841095,2.3042150358547553,
